Title,Published,URL,Source
Bausch Health Cos (NYSE:BHC) Shares Up 7.9% on Insider Buying Activity,2025-06-20 05:08:51,https://www.etfdailynews.com/2025/06/20/bausch-health-cos-nysebhc-shares-up-7-9-on-insider-buying-activity/,ETF Daily News
"Combined Shareholders’ Meeting of June 19, 2025: All Submitted Resolutions Were Adopted",2025-06-20 05:02:53,https://financialpost.com/pmn/business-wire-news-releases-pmn/combined-shareholders-meeting-of-june-19-2025-all-submitted-resolutions-were-adopted,Financial Post
NTT Secures Backing for $16.3 Billion Deal to Take Over AI Arm,2025-06-20 04:57:31,https://www.livemint.com/companies/news/ntt-secures-backing-for-16-3-billion-deal-to-take-over-ai-arm-11750395452453.html,Livemint
Home Depot makes its own bid for GMS - report - Seeking Alpha,2025-06-20 04:52:30,https://slashdot.org/firehose.pl?op=view&amp;id=178114291,Slashdot.org
America’s Choice: National Divorce or Civil War,2025-06-20 04:01:00,https://www.lewrockwell.com/2025/06/no_author/americas-choice-national-divorce-or-civil-war/,Lewrockwell.com
"Umit Benan Unveils First Boutique in Milan, a Members’ Club for the Quality Obsessed",2025-06-20 04:01:00,http://wwd.com/menswear-news/mens-designer-luxury/umit-benan-unveils-first-flagship-store-milan-via-bigli-1237920157/,WWD
NATO’s Summit at The Hague: Procurement Corruption Scandal Might Delay Its Rapid Militarization Plans,2025-06-20 03:58:15,https://www.globalresearch.ca/natos-procurement-corruption-scandal-might-delay-its-rapid-militarization-plans/5891603,Globalresearch.ca
TDK acquires smart glasses startup SoftEye to expand AI hardware portfolio,2025-06-20 03:53:42,https://www.digitimes.com/news/a20250620PD222/tdk-smart-glasses-electronics-hardware-startup.html,Digitimes
"Elon Musk's X Faces Scrutiny By European Watchdogs After $33 Billion Acquisition By xAI — Platform Could Face Fine, Ban In The EU",2025-06-20 03:50:30,https://biztoc.com/x/8e6a4191825397bb,Biztoc.com
NYC inks $1B no-bid shelter contract with hotels to house 86K immigrants and homeless — despite claims migrant crisis is easing,2025-06-20 03:31:59,https://freerepublic.com/focus/f-news/4324173/posts,Freerepublic.com
"OMS Energy Technologies Inc. Issues Post-IPO Operational Update Featuring Customer Growth, Expansion Initiatives and R&D and Safety Achievements",2025-06-20 03:15:00,https://www.globenewswire.com/news-release/2025/06/20/3102513/0/en/OMS-Energy-Technologies-Inc-Issues-Post-IPO-Operational-Update-Featuring-Customer-Growth-Expansion-Initiatives-and-R-D-and-Safety-Achievements.html,GlobeNewswire
Nippon Steel drops lawsuit against U.S. government after acquiring U.S. Steel,2025-06-20 03:06:03,https://biztoc.com/x/f48fdf540b9b1fa7,Biztoc.com
Google unveils new AI-powered advertising tools at Marketing Live event in Sydney | Mi3,2025-06-20 03:05:19,http://www.mi-3.com.au/20-06-2025/google-unveils-new-ai-powered-advertising-tools-marketing-live-event-sydney,Mi-3.com.au
Nippon Steel drops lawsuit against U.S. government after acquiring U.S. Steel,2025-06-20 02:59:00,https://www.japantimes.co.jp/business/2025/06/20/companies/nippon-steel-drops-suit/,The Japan Times
USL to buy Greater Than gin maker,2025-06-20 02:29:25,https://timesofindia.indiatimes.com/business/india-business/usl-to-buy-greater-than-gin-maker/articleshow/121964651.cms,The Times of India
"Meta’s $14.3B stake triggers Scale AI customer exodus, could be a windfall for rivals like Mercor",2025-06-20 02:22:19,https://www.computerworld.com/article/4009714/metas-14-3b-stake-triggers-scale-ai-customer-exodus-could-be-a-windfall-for-rivals-like-mercor.html,Computerworld
"Stocks that will see action today: Sun TV, Keynes Tech, Diageo, TD Power, Sai Life, Privi Speciality Chef, Hindustan Power, Natco Pharma, Crisil, UFlex, Mastek, ITD Cementation, Krishna Phoschem, Choice International, Gallantt Spat, Ashoka Buildcon",2025-06-20 02:21:59,https://www.thehindubusinessline.com/markets/stocks-that-will-see-action-today-sun-tv-keynes-tech-diageo-td-power-sai-life-privi-speciality-chef-hindustan-power-natco-pharma-crisil-uflex-mastek-itd-cementation-krishna-phoschem-choice-internation/article69715987.ece,BusinessLine
Has Japan's corporate revolution worked too well?,2025-06-20 01:43:00,https://www.japantimes.co.jp/commentary/2025/06/20/japan/japans-corporate-revolution-has-worked/,The Japan Times
Prime Announces Voting Results of 2025 AGM,2025-06-20 01:24:00,https://www.globenewswire.com/news-release/2025/06/20/3102505/0/en/Prime-Announces-Voting-Results-of-2025-AGM.html,GlobeNewswire
Lakers' $10 billion sale sparks uncertainty for Rob Pelinka amid trade rumors,2025-06-20 01:02:24,https://www.marca.com/en/basketball/nba/los-angeles-lakers/2025/06/20/68549a81268e3eda768b45da.html,Marca
